"Market + customer_segment",product_name,product_price,sales,order_item_discount,order_item_discount_rate,order_item_profit_ratio,year_month,average_benefit_per_order,Distribution
LATAM&Consumer,"Perfect Fitness Perfect Rip Deck",59.99000168,299.9500122,15,0.050000001,0.129999995,2015-04,35.61999893,1
LATAM&Consumer,"Perfect Fitness Perfect Rip Deck",59.99000168,299.9500122,30,0.100000001,0.150000006,2015-01,40.49000168,1
LATAM&Consumer,"Perfect Fitness Perfect Rip Deck",59.99000168,299.9500122,53.99000168,0.180000007,0.479999989,2015-04,118.0599976,1
LATAM&Consumer,"Under Armour Girls' Toddler Spine Surge Runni",39.99000168,199.9499969,6,0.029999999,0.449999988,2015-02,87.27999878,1
LATAM&Consumer,"Under Armour Girls' Toddler Spine Surge Runni",39.99000168,199.9499969,49.99000168,0.25,0.349999994,2015-04,52.49000168,1
LATAM&Corporate,"Perfect Fitness Perfect Rip Deck",59.99000168,119.9800034,15.60000038,0.129999995,0.310000002,2015-02,32.66999817,1
Europe&Consumer,"Perfect Fitness Perfect Rip Deck",59.99000168,239.9600067,16.79999924,0.07,0.360000014,2015-09,81.01000214,1
Europe&Consumer,"Perfect Fitness Perfect Rip Deck",59.99000168,239.9600067,28.79999924,0.119999997,0.200000003,2015-08,42.22999954,1
Europe&Consumer,"Perfect Fitness Perfect Rip Deck",59.99000168,239.9600067,31.19000053,0.129999995,-0.180000007,2015-10,-38.20000076,1
Europe&Consumer,"Perfect Fitness Perfect Rip Deck",59.99000168,239.9600067,38.38999939,0.159999996,-1.600000024,2015-09,-322.5100098,1
Europe&Consumer,"Perfect Fitness Perfect Rip Deck",59.99000168,239.9600067,59.99000168,0.25,-1.700000048,2015-10,-305.9500122,1
Europe&Consumer,"Under Armour Girls' Toddler Spine Surge Runni",39.99000168,159.9600067,8,0.050000001,0.310000002,2015-09,47.56000137,1
Europe&Consumer,"Under Armour Girls' Toddler Spine Surge Runni",39.99000168,159.9600067,27.19000053,0.170000002,0.379999995,2015-08,50.45000076,1
Europe&Consumer,"Titleist Pro V1x High Numbers Personalized Go",51.99000168,207.9600067,6.239999771,0.029999999,0.209999993,2015-09,42.56000137,1
Europe&Consumer,"Bridgestone e6 Straight Distance NFL Tennesse",31.98999977,127.9599991,31.98999977,0.25,0.460000008,2015-09,44.15000153,1
"Pacific Asia&Corporate","Perfect Fitness Perfect Rip Deck",59.99000168,119.9800034,19.20000076,0.159999996,0.289999992,2015-12,29.22999954,1
LATAM&Consumer,"Perfect Fitness Perfect Rip Deck",59.99000168,239.9600067,0,0,0.319999993,2015-05,76.79000092,1
LATAM&Consumer,"Perfect Fitness Perfect Rip Deck",59.99000168,239.9600067,2.400000095,0.01,0.330000013,2015-05,78.38999939,1
LATAM&Consumer,"Perfect Fitness Perfect Rip Deck",59.99000168,239.9600067,31.19000053,0.129999995,0.310000002,2015-01,65.33999634,1
LATAM&Consumer,"Perfect Fitness Perfect Rip Deck",59.99000168,239.9600067,40.79000092,0.170000002,0.140000001,2015-02,27.87999916,1
LATAM&Consumer,"Under Armour Girls' Toddler Spine Surge Runni",39.99000168,159.9600067,1.600000024,0.01,0,2015-03,0,1
LATAM&Consumer,"Under Armour Girls' Toddler Spine Surge Runni",39.99000168,159.9600067,3.200000048,0.02,0.5,2015-03,78.37999725,1
LATAM&Consumer,"Bridgestone e6 Straight Distance NFL Tennesse",31.98999977,127.9599991,25.59000015,0.200000003,0.090000004,2015-02,9.010000229,1
Europe&Corporate,"Perfect Fitness Perfect Rip Deck",59.99000168,179.9700012,7.199999809,0.039999999,-0.059999999,2015-10,-10.18999958,1
Europe&Corporate,"Perfect Fitness Perfect Rip Deck",59.99000168,179.9700012,9,0.050000001,0.340000004,2015-09,57.79000092,1
Europe&Corporate,"Perfect Fitness Perfect Rip Deck",59.99000168,179.9700012,27,0.150000006,0.270000011,2015-06,41.29999924,1
Europe&Corporate,"Perfect Fitness Perfect Rip Deck",59.99000168,179.9700012,28.79999924,0.159999996,0.330000013,2015-07,49.13000107,1
Europe&Corporate,"Under Armour Girls' Toddler Spine Surge Runni",39.99000168,119.9700012,1.200000048,0.01,0.349999994,2015-07,41.5699997,1
Europe&Corporate,"Titleist Pro V1x High Numbers Personalized Go",51.99000168,155.9700012,8.579999924,0.059999999,0.270000011,2015-07,39.79999924,1
LATAM&Corporate,"Perfect Fitness Perfect Rip Deck",59.99000168,179.9700012,0,0,0.479999989,2015-05,86.38999939,1
LATAM&Corporate,"Perfect Fitness Perfect Rip Deck",59.99000168,179.9700012,18,0.100000001,0.360000014,2015-03,58.79999924,1
LATAM&Corporate,"Under Armour Girls' Toddler Spine Surge Runni",39.99000168,119.9700012,29.98999977,0.25,-1.179999948,2015-02,-105.7200012,1
Europe&Corporate,"Perfect Fitness Perfect Rip Deck",59.99000168,239.9600067,16.79999924,0.07,0.460000008,2015-10,102.6500015,1
Europe&Corporate,"Perfect Fitness Perfect Rip Deck",59.99000168,239.9600067,21.60000038,0.090000004,0.280000001,2015-10,61.13999939,1
Europe&Corporate,"Perfect Fitness Perfect Rip Deck",59.99000168,239.9600067,47.99000168,0.200000003,0.25,2015-10,47.99000168,1
Europe&Corporate,"Under Armour Girls' Toddler Spine Surge Runni",39.99000168,159.9600067,4.800000191,0.029999999,0.469999999,2015-06,72.93000031,1
LATAM&Corporate,"Under Armour Girls' Toddler Spine Surge Runni",39.99000168,159.9600067,27.19000053,0.170000002,0.330000013,2015-01,43.81000137,1
"Pacific Asia&Corporate","Glove It Women's Imperial Golf Glove",19.98999977,79.95999908,19.98999977,0.25,-0.059999999,2015-12,-3.779999971,1
Europe&Corporate,"Under Armour Girls' Toddler Spine Surge Runni",39.99000168,199.9499969,39.99000168,0.200000003,-0.170000002,2015-06,-26.70999908,1
Europe&Corporate,"Under Armour Girls' Toddler Spine Surge Runni",39.99000168,199.9499969,49.99000168,0.25,-0.670000017,2015-06,-100.0199966,1
"Europe&Home Office","Diamondback Women's Serene Classic Comfort Bi",299.980011,299.980011,45,0.150000006,-0.270000011,2015-10,-69.09999847,1
"LATAM&Home Office","Perfect Fitness Perfect Rip Deck",59.99000168,59.99000168,7.800000191,0.129999995,0.479999989,2015-03,25.04999924,1
"LATAM&Home Office","Perfect Fitness Perfect Rip Deck",59.99000168,119.9800034,15.60000038,0.129999995,0.059999999,2015-01,6.579999924,1
"LATAM&Home Office","Titleist Pro V1x High Numbers Golf Balls",47.99000168,95.98000336,17.28000069,0.180000007,0.25,2015-03,19.68000031,1
"LATAM&Home Office","Titleist Pro V1x High Numbers Personalized Go",51.99000168,155.9700012,28.0699997,0.180000007,0.479999989,2015-05,61.38999939,1
"Europe&Home Office","Under Armour Girls' Toddler Spine Surge Runni",39.99000168,159.9600067,11.19999981,0.07,0.340000004,2015-09,50.58000183,1
"LATAM&Home Office","Perfect Fitness Perfect Rip Deck",59.99000168,239.9600067,4.800000191,0.02,0.230000004,2015-01,54.79000092,1
"Europe&Home Office","Perfect Fitness Perfect Rip Deck",59.99000168,299.9500122,53.99000168,0.180000007,-0.200000003,2015-10,-49.18999863,1
"LATAM&Home Office","Perfect Fitness Perfect Rip Deck",59.99000168,299.9500122,21,0.07,0.270000011,2015-01,75.3199997,1
"Pacific Asia&Home Office","Diamondback Women's Serene Classic Comfort Bi",299.980011,299.980011,9,0.029999999,0.239999995,2015-12,69.83999634,1
"Europe&Home Office","Diamondback Women's Serene Classic Comfort Bi",299.980011,299.980011,30,0.100000001,-0.230000004,2015-09,-60.75,1
"Pacific Asia&Home Office","Under Armour Girls' Toddler Spine Surge Runni",39.99000168,79.98000336,3.200000048,0.039999999,0.25,2015-12,19.20000076,1
"Europe&Home Office","Bridgestone e6 Straight Distance NFL Carolina",31.98999977,95.97000122,19.19000053,0.200000003,-0.769999981,2015-09,-58.88999939,1
"Pacific Asia&Home Office","Perfect Fitness Perfect Rip Deck",59.99000168,239.9600067,16.79999924,0.07,-0.330000013,2015-12,-73.41999817,1
"Europe&Home Office","Under Armour Girls' Toddler Spine Surge Runni",39.99000168,199.9499969,2,0.01,0.479999989,2015-09,95.01999664,1
"Europe&Home Office","Under Armour Girls' Toddler Spine Surge Runni",39.99000168,199.9499969,4,0.02,0.159999996,2015-09,31.94000053,1
"LATAM&Home Office","Perfect Fitness Perfect Rip Deck",59.99000168,299.9500122,16.5,0.059999999,0.49000001,2015-04,138.8899994,1
"Pacific Asia&Consumer","Perfect Fitness Perfect Rip Deck",59.99000168,239.9600067,31.19000053,0.129999995,0.25999999,2015-12,54.27999878,1
Europe&Consumer,"Nike Women's Tempo Shorts",30,150,37.5,0.25,-0.600000024,2015-09,-67.5,1
Europe&Consumer,"Perfect Fitness Perfect Rip Deck",59.99000168,299.9500122,15,0.050000001,0.360000014,2015-09,102.5800018,1
Europe&Consumer,"Perfect Fitness Perfect Rip Deck",59.99000168,299.9500122,38.99000168,0.129999995,0.349999994,2015-10,91.33000183,1
Europe&Consumer,"Perfect Fitness Perfect Rip Deck",59.99000168,299.9500122,53.99000168,0.180000007,0.49000001,2015-10,120.5199966,1
Europe&Consumer,"Perfect Fitness Perfect Rip Deck",59.99000168,299.9500122,74.98999786,0.25,0.340000004,2015-06,76.04000092,1
Europe&Consumer,"Bridgestone e6 Straight Distance NFL San Dieg",31.98999977,159.9499969,28.79000092,0.180000007,0.349999994,2015-10,45.90999985,1
LATAM&Consumer,"Perfect Fitness Perfect Rip Deck",59.99000168,299.9500122,12,0.039999999,0.430000007,2015-03,123.8199997,1
LATAM&Consumer,"Under Armour Girls' Toddler Spine Surge Runni",39.99000168,199.9499969,8,0.039999999,0.340000004,2015-02,65.26000214,1
LATAM&Consumer,"Under Armour Girls' Toddler Spine Surge Runni",39.99000168,199.9499969,29.98999977,0.150000006,-2.099999905,2015-05,-356.9100037,1
LATAM&Consumer,"Glove It Women's Imperial Golf Glove",19.98999977,99.94999695,14.98999977,0.150000006,-0.109999999,2015-04,-9.68999958,1
"Pacific Asia&Consumer","Perfect Fitness Perfect Rip Deck",59.99000168,299.9500122,53.99000168,0.180000007,0.460000008,2015-11,113.1399994,1
"Pacific Asia&Consumer","Team Golf New England Patriots Putter Grip",24.98999977,124.9499969,14.98999977,0.119999997,0.280000001,2015-11,30.79000092,1
"LATAM&Home Office","Team Golf St. Louis Cardinals Putter Grip",24.98999977,24.98999977,1.370000005,0.059999999,0.479999989,2015-04,11.34000015,1
"Europe&Home Office","Perfect Fitness Perfect Rip Deck",59.99000168,119.9800034,24,0.200000003,0.25999999,2015-06,24.95999908,1
"Europe&Home Office","Perfect Fitness Perfect Rip Deck",59.99000168,119.9800034,30,0.25,0.419999987,2015-06,37.79000092,1
"LATAM&Home Office","Perfect Fitness Perfect Rip Deck",59.99000168,119.9800034,2.400000095,0.02,0.360000014,2015-05,42.68000031,1
"LATAM&Home Office","Perfect Fitness Perfect Rip Deck",59.99000168,119.9800034,20.39999962,0.170000002,-0.029999999,2015-04,-2.890000105,1
"Pacific Asia&Home Office","Perfect Fitness Perfect Rip Deck",59.99000168,119.9800034,6,0.050000001,-0.029999999,2015-12,-3.309999943,1
"Europe&Home Office","Perfect Fitness Perfect Rip Deck",59.99000168,179.9700012,9,0.050000001,-0.239999995,2015-10,-41.54999924,1
"Europe&Home Office","Perfect Fitness Perfect Rip Deck",59.99000168,179.9700012,12.60000038,0.07,-0.230000004,2015-10,-39,1
"LATAM&Home Office","Perfect Fitness Perfect Rip Deck",59.99000168,179.9700012,32.38999939,0.180000007,-0.319999993,2015-05,-46.77999878,1
"Pacific Asia&Home Office","Perfect Fitness Perfect Rip Deck",59.99000168,299.9500122,12,0.039999999,0.270000011,2015-12,77.75,1
Europe&Consumer,"Hirzl Women's Soffft Flex Golf Glove",17.98999977,53.97000122,7.019999981,0.129999995,0.300000012,2015-10,14.09000015,1
Europe&Consumer,"Hirzl Women's Soffft Flex Golf Glove",17.98999977,89.94999695,0.899999976,0.01,0.349999994,2015-09,31.17000008,1
Europe&Corporate,"Hirzl Women's Soffft Flex Golf Glove",17.98999977,17.98999977,2.339999914,0.129999995,0,2015-07,0,1
"Pacific Asia&Consumer","Hirzl Women's Hybrid Golf Glove",14.98999977,74.94999695,11.98999977,0.159999996,0.289999992,2015-12,18.12999916,1
"Pacific Asia&Consumer","Hirzl Women's Hybrid Golf Glove",14.98999977,14.98999977,0.300000012,0.02,0.25,2015-11,3.670000076,1
"Europe&Home Office","Hirzl Women's Hybrid Golf Glove",14.98999977,14.98999977,2.25,0.150000006,0.180000007,2015-09,2.289999962,1
LATAM&Consumer,"Hirzl Women's Hybrid Golf Glove",14.98999977,59.95999908,3,0.050000001,0.340000004,2015-03,19.25,1
"Europe&Home Office","Hirzl Men's Hybrid Golf Glove",14.98999977,59.95999908,3.299999952,0.059999999,-0.300000012,2015-10,-17,1
Europe&Corporate,"Bag Boy Beverage Holder",24.98999977,124.9499969,5,0.039999999,-0.400000006,2015-10,-47.97999954,1
Europe&Corporate,"Bag Boy Beverage Holder",24.98999977,124.9499969,31.23999977,0.25,-0.479999989,2015-10,-44.97999954,1
"LATAM&Home Office","Bag Boy Beverage Holder",24.98999977,49.97999954,2.75,0.059999999,-0.400000006,2015-05,-18.88999939,1
LATAM&Consumer,"Clicgear 8.0 Shoe Brush",9.989999771,19.97999954,0.600000024,0.029999999,0.100000001,2015-05,1.940000057,1
"LATAM&Home Office","Clicgear 8.0 Shoe Brush",9.989999771,39.95999908,5.989999771,0.150000006,0.479999989,2015-02,16.29999924,1
Europe&Consumer,"Clicgear Rovic Cooler Bag",39.99000168,159.9600067,8,0.050000001,0.449999988,2015-07,68.37999725,1
LATAM&Consumer,"Clicgear Rovic Cooler Bag",39.99000168,199.9499969,14,0.07,0.079999998,2015-03,13.94999981,1
"LATAM&Home Office","Clicgear Rovic Cooler Bag",39.99000168,159.9600067,20.79000092,0.129999995,0.310000002,2015-02,43.56000137,1
LATAM&Corporate,"Top Flite Women's 2014 XL Hybrid",19.98999977,99.94999695,4,0.039999999,0.059999999,2015-05,5.760000229,1
"LATAM&Home Office","Top Flite Women's 2014 XL Hybrid",19.98999977,59.97000122,5.400000095,0.090000004,0.360000014,2015-01,19.64999962,1
LATAM&Corporate,"Perfect Fitness Perfect Rip Deck",59.99000168,299.9500122,47.99000168,0.159999996,0.349999994,2015-02,88.19000244,1
Europe&Corporate,"Perfect Fitness Perfect Rip Deck",59.99000168,59.99000168,9,0.150000006,-0.25,2015-08,-12.75,1
Europe&Corporate,"Titleist Pro V1x Golf Balls",47.99000168,47.99000168,3.359999895,0.07,0.349999994,2015-06,15.61999989,1
Europe&Corporate,"Diamondback Women's Serene Classic Comfort Bi",299.980011,299.980011,27,0.090000004,0.310000002,2015-08,85.44000244,1
Europe&Corporate,"Diamondback Women's Serene Classic Comfort Bi",299.980011,299.980011,36,0.119999997,0.109999999,2015-06,29.82999992,1
Europe&Corporate,"Diamondback Women's Serene Classic Comfort Bi",299.980011,299.980011,39,0.129999995,0.280000001,2015-06,73.08000183,1
LATAM&Corporate,"Diamondback Women's Serene Classic Comfort Bi",299.980011,299.980011,45,0.150000006,0.479999989,2015-03,122.3899994,1
Europe&Corporate,"Perfect Fitness Perfect Rip Deck",59.99000168,119.9800034,10.80000019,0.090000004,0.059999999,2015-06,6.880000114,1
Europe&Corporate,"Perfect Fitness Perfect Rip Deck",59.99000168,179.9700012,3.599999905,0.02,-1.649999976,2015-10,-291.0100098,1
Europe&Corporate,"Perfect Fitness Perfect Rip Deck",59.99000168,179.9700012,28.79999924,0.159999996,0.340000004,2015-06,51.09999847,1
Europe&Corporate,"Perfect Fitness Perfect Rip Deck",59.99000168,179.9700012,30.59000015,0.170000002,0.319999993,2015-06,47.79999924,1
LATAM&Corporate,"Bridgestone e6 Straight Distance NFL Carolina",31.98999977,95.97000122,2.880000114,0.029999999,0.310000002,2015-03,29.13999939,1
LATAM&Corporate,"Glove It Urban Brick Golf Towel",15.98999977,47.97000122,2.640000105,0.059999999,-0.449999988,2015-04,-20.39999962,1
Europe&Corporate,"Perfect Fitness Perfect Rip Deck",59.99000168,299.9500122,74.98999786,0.25,0.059999999,2015-06,14.17000008,1
Europe&Corporate,"Under Armour Girls' Toddler Spine Surge Runni",39.99000168,199.9499969,33.99000168,0.170000002,0.25999999,2015-06,43.15000153,1
Europe&Corporate,"Perfect Fitness Perfect Rip Deck",59.99000168,179.9700012,0,0,0.039999999,2015-07,7.199999809,1
LATAM&Corporate,"Under Armour Girls' Toddler Spine Surge Runni",39.99000168,119.9700012,12,0.100000001,-0.100000001,2015-01,-10.80000019,1
Europe&Corporate,"Perfect Fitness Perfect Rip Deck",59.99000168,59.99000168,4.199999809,0.07,0.49000001,2015-09,27.34000015,1
Europe&Corporate,"Diamondback Women's Serene Classic Comfort Bi",299.980011,299.980011,51,0.170000002,0.150000006,2015-06,37.34999847,1
LATAM&Corporate,"Diamondback Women's Serene Classic Comfort Bi",299.980011,299.980011,15,0.050000001,0.479999989,2015-05,136.7899933,1
"Pacific Asia&Corporate","Team Golf St. Louis Cardinals Putter Grip",24.98999977,24.98999977,3.75,0.150000006,0.370000005,2015-10,7.860000134,1
Europe&Corporate,"Perfect Fitness Perfect Rip Deck",59.99000168,119.9800034,21.60000038,0.180000007,0.479999989,2015-08,47.22000122,1
"Pacific Asia&Corporate","Perfect Fitness Perfect Rip Deck",59.99000168,179.9700012,5.400000095,0.029999999,-1.5,2015-10,-261.8599854,1
Europe&Corporate,"Perfect Fitness Perfect Rip Deck",59.99000168,239.9600067,28.79999924,0.119999997,0.270000011,2015-09,57.00999832,1
Europe&Corporate,"Perfect Fitness Perfect Rip Deck",59.99000168,239.9600067,40.79000092,0.170000002,0.479999989,2015-08,95.59999847,1
"Pacific Asia&Corporate","Perfect Fitness Perfect Rip Deck",59.99000168,239.9600067,38.38999939,0.159999996,0.270000011,2015-11,54.41999817,1
Europe&Corporate,"Bridgestone e6 Straight Distance NFL Carolina",31.98999977,159.9499969,28.79000092,0.180000007,0.140000001,2015-09,18.36000061,1
Europe&Corporate,"Perfect Fitness Perfect Rip Deck",59.99000168,59.99000168,3.299999952,0.059999999,0.49000001,2015-08,27.78000069,1
Europe&Corporate,"Perfect Fitness Perfect Rip Deck",59.99000168,59.99000168,3.299999952,0.059999999,0.170000002,2015-06,9.470000267,1
Europe&Corporate,"Perfect Fitness Perfect Rip Deck",59.99000168,59.99000168,7.800000191,0.129999995,-0.800000012,2015-10,-41.75,1
Europe&Corporate,"Team Golf Tennessee Volunteers Putter Grip",24.98999977,24.98999977,3.25,0.129999995,0.479999989,2015-07,10.43999958,1
Europe&Corporate,"Diamondback Women's Serene Classic Comfort Bi",299.980011,299.980011,0,0,0.270000011,2015-07,80.98999786,1
Europe&Corporate,"Diamondback Women's Serene Classic Comfort Bi",299.980011,299.980011,9,0.029999999,0.49000001,2015-09,142.5800018,1
Europe&Corporate,"Diamondback Women's Serene Classic Comfort Bi",299.980011,299.980011,15,0.050000001,-1.049999952,2015-07,-299.230011,1
Europe&Corporate,"Diamondback Women's Serene Classic Comfort Bi",299.980011,299.980011,15,0.050000001,0.5,2015-09,142.4900055,1
Europe&Corporate,"Diamondback Women's Serene Classic Comfort Bi",299.980011,299.980011,21,0.07,0.01,2015-06,3.630000114,1
Europe&Corporate,"Diamondback Women's Serene Classic Comfort Bi",299.980011,299.980011,54,0.180000007,0.129999995,2015-06,30.75,1
Europe&Corporate,"Diamondback Women's Serene Classic Comfort Bi",299.980011,299.980011,75,0.25,0.460000008,2015-07,103.4899979,1
LATAM&Corporate,"Perfect Fitness Perfect Rip Deck",59.99000168,59.99000168,1.200000048,0.02,0.460000008,2015-06,27.04000092,1
LATAM&Corporate,"Diamondback Women's Serene Classic Comfort Bi",299.980011,299.980011,16.5,0.059999999,0.349999994,2015-02,99.22000122,1
LATAM&Corporate,"Diamondback Women's Serene Classic Comfort Bi",299.980011,299.980011,21,0.07,-1.600000024,2015-02,-446.3699951,1
LATAM&Corporate,"Diamondback Women's Serene Classic Comfort Bi",299.980011,299.980011,21,0.07,0.379999995,2015-02,104.6200027,1
LATAM&Corporate,"Diamondback Women's Serene Classic Comfort Bi",299.980011,299.980011,27,0.090000004,-0.109999999,2015-06,-30.85000038,1
LATAM&Corporate,"Diamondback Women's Serene Classic Comfort Bi",299.980011,299.980011,51,0.170000002,-0.800000012,2015-02,-199.1900024,1
"Pacific Asia&Corporate","Under Armour Girls' Toddler Spine Surge Runni",39.99000168,39.99000168,5.199999809,0.129999995,-0.219999999,2015-10,-7.550000191,1
"Pacific Asia&Corporate","Under Armour Girls' Toddler Spine Surge Runni",39.99000168,39.99000168,7.199999809,0.180000007,-1.649999976,2015-11,-54.11000061,1
Europe&Corporate,"Perfect Fitness Perfect Rip Deck",59.99000168,119.9800034,1.200000048,0.01,0.469999999,2015-10,55.83000183,1
Europe&Corporate,"Perfect Fitness Perfect Rip Deck",59.99000168,119.9800034,2.400000095,0.02,0.419999987,2015-10,49.38000107,1
Europe&Corporate,"Perfect Fitness Perfect Rip Deck",59.99000168,119.9800034,8.399999619,0.07,0.349999994,2015-09,39.04999924,1
Europe&Corporate,"Under Armour Girls' Toddler Spine Surge Runni",39.99000168,79.98000336,10.39999962,0.129999995,0.059999999,2015-07,4.380000114,1
LATAM&Corporate,"Diamondback Women's Serene Classic Comfort Bi",299.980011,299.980011,54,0.180000007,-0.569999993,2015-03,-139.4700012,1
LATAM&Corporate,"Diamondback Women's Serene Classic Comfort Bi",299.980011,299.980011,54,0.180000007,0.02,2015-04,4.920000076,1
LATAM&Corporate,"Glove It Imperial Golf Towel",15.98999977,31.97999954,1.600000024,0.050000001,0.340000004,2015-02,10.27000046,1
LATAM&Corporate,"Perfect Fitness Perfect Rip Deck",59.99000168,179.9700012,9.899999619,0.059999999,0.129999995,2015-05,21.26000023,1
LATAM&Corporate,"Under Armour Girls' Toddler Spine Surge Runni",39.99000168,119.9700012,19.20000076,0.159999996,-0.25,2015-05,-25.19000053,1
Europe&Consumer,"Diamondback Women's Serene Classic Comfort Bi",299.980011,299.980011,75,0.25,0.300000012,2015-10,67.5,1
LATAM&Consumer,"Diamondback Women's Serene Classic Comfort Bi",299.980011,299.980011,45,0.150000006,-1.75,2015-01,-446.2200012,1
LATAM&Consumer,"Diamondback Women's Serene Classic Comfort Bi",299.980011,299.980011,75,0.25,0.349999994,2015-05,78.73999786,1
"Pacific Asia&Consumer","Diamondback Women's Serene Classic Comfort Bi",299.980011,299.980011,36,0.119999997,0.180000007,2015-11,47.52000046,1
Europe&Consumer,"Titleist Pro V1x Golf Balls",47.99000168,95.98000336,0.959999979,0.01,0.029999999,2015-10,2.849999905,1
LATAM&Consumer,"Perfect Fitness Perfect Rip Deck",59.99000168,119.9800034,18,0.150000006,0.02,2015-05,2.039999962,1
Europe&Consumer,"Perfect Fitness Perfect Rip Deck",59.99000168,179.9700012,28.79999924,0.159999996,0,2015-07,0,1
Europe&Consumer,"Perfect Fitness Perfect Rip Deck",59.99000168,179.9700012,30.59000015,0.170000002,0.5,2015-07,74.69000244,1
LATAM&Consumer,"Under Armour Girls' Toddler Spine Surge Runni",39.99000168,119.9700012,29.98999977,0.25,0.300000012,2015-05,26.98999977,1
LATAM&Consumer,"Glove It Women's Mod Oval Golf Glove",19.98999977,59.97000122,1.200000048,0.02,-0.189999998,2015-05,-11.05000019,1
LATAM&Consumer,"Titleist Pro V1 High Numbers Personalized Gol",51.99000168,155.9700012,38.99000168,0.25,0.310000002,2015-05,36.61000061,1
"Pacific Asia&Consumer","Perfect Fitness Perfect Rip Deck",59.99000168,179.9700012,12.60000038,0.07,-0.090000004,2015-12,-14.72999954,1
"Pacific Asia&Consumer","Perfect Fitness Perfect Rip Deck",59.99000168,179.9700012,16.20000076,0.090000004,0.449999988,2015-12,73.69999695,1
LATAM&Consumer,"Perfect Fitness Perfect Rip Deck",59.99000168,239.9600067,59.99000168,0.25,0.479999989,2015-01,86.38999939,1
LATAM&Consumer,"Under Armour Girls' Toddler Spine Surge Runni",39.99000168,159.9600067,11.19999981,0.07,-0.180000007,2015-05,-26.03000069,1
LATAM&Consumer,"Team Golf Texas Longhorns Putter Grip",24.98999977,99.95999908,12,0.119999997,0.469999999,2015-05,41.34000015,1
LATAM&Consumer,"Under Armour Girls' Toddler Spine Surge Runni",39.99000168,199.9499969,2,0.01,0.209999993,2015-05,41.5699997,1
LATAM&Consumer,"Diamondback Women's Serene Classic Comfort Bi",299.980011,299.980011,45,0.150000006,0.300000012,2015-03,76.48999786,1
Europe&Consumer,"Perfect Fitness Perfect Rip Deck",59.99000168,119.9800034,10.80000019,0.090000004,0.449999988,2015-09,49.13000107,1
Europe&Consumer,"Team Golf San Francisco Giants Putter Grip",24.98999977,49.97999954,8,0.159999996,0.400000006,2015-09,16.79000092,1
LATAM&Consumer,"Perfect Fitness Perfect Rip Deck",59.99000168,119.9800034,20.39999962,0.170000002,0.25999999,2015-02,25.88999939,1
"Pacific Asia&Consumer","Perfect Fitness Perfect Rip Deck",59.99000168,119.9800034,21.60000038,0.180000007,0.349999994,2015-11,34.43000031,1
Europe&Consumer,"Perfect Fitness Perfect Rip Deck",59.99000168,239.9600067,4.800000191,0.02,0.330000013,2015-09,77.59999847,1
Europe&Consumer,"Team Golf Tennessee Volunteers Putter Grip",24.98999977,99.95999908,2,0.02,-0.800000012,2015-09,-78.37000275,1
"Pacific Asia&Consumer","Perfect Fitness Perfect Rip Deck",59.99000168,299.9500122,3,0.01,0.100000001,2015-11,29.70000076,1
Europe&Consumer,"Perfect Fitness Perfect Rip Deck",59.99000168,59.99000168,10.19999981,0.170000002,-0.140000001,2015-06,-7.119999886,1
Europe&Consumer,"Under Armour Girls' Toddler Spine Surge Runni",39.99000168,39.99000168,3.599999905,0.090000004,0.49000001,2015-07,17.82999992,1
Europe&Consumer,"Under Armour Girls' Toddler Spine Surge Runni",39.99000168,39.99000168,6,0.150000006,-0.129999995,2015-08,-4.380000114,1
Europe&Consumer,"Diamondback Women's Serene Classic Comfort Bi",299.980011,299.980011,30,0.100000001,0.25999999,2015-06,70.19999695,1
Europe&Consumer,"Diamondback Women's Serene Classic Comfort Bi",299.980011,299.980011,75,0.25,-0.330000013,2015-08,-74.01999664,1
LATAM&Consumer,"Perfect Fitness Perfect Rip Deck",59.99000168,59.99000168,0,0,0.460000008,2015-03,27.60000038,1
LATAM&Consumer,"Perfect Fitness Perfect Rip Deck",59.99000168,59.99000168,5.400000095,0.090000004,0.270000011,2015-01,14.73999977,1
LATAM&Consumer,"Perfect Fitness Perfect Rip Deck",59.99000168,59.99000168,15,0.25,0.379999995,2015-04,16.87000084,1
LATAM&Consumer,"Under Armour Girls' Toddler Spine Surge Runni",39.99000168,39.99000168,1.600000024,0.039999999,0.280000001,2015-02,10.75,1
LATAM&Consumer,"Under Armour Girls' Toddler Spine Surge Runni",39.99000168,39.99000168,10,0.25,-0.829999983,2015-02,-24.73999977,1
LATAM&Consumer,"Bridgestone e6 Straight Distance NFL Carolina",31.98999977,31.98999977,1.279999971,0.039999999,0.230000004,2015-02,7.059999943,1
LATAM&Consumer,"Diamondback Women's Serene Classic Comfort Bi",299.980011,299.980011,12,0.039999999,-1.649999976,2015-01,-475.1700134,1
LATAM&Consumer,"Diamondback Women's Serene Classic Comfort Bi",299.980011,299.980011,75,0.25,0.109999999,2015-04,25.42000008,1
Europe&Consumer,"Perfect Fitness Perfect Rip Deck",59.99000168,179.9700012,18,0.100000001,-0.01,2015-06,-2.109999895,1
Europe&Consumer,"Perfect Fitness Perfect Rip Deck",59.99000168,179.9700012,21.60000038,0.119999997,-0.360000014,2015-06,-57.00999832,1
Europe&Consumer,"Perfect Fitness Perfect Rip Deck",59.99000168,179.9700012,28.79999924,0.159999996,0.200000003,2015-06,30.22999954,1
LATAM&Consumer,"Perfect Fitness Perfect Rip Deck",59.99000168,179.9700012,5.400000095,0.029999999,0.090000004,2015-03,15.35999966,1
LATAM&Consumer,"Perfect Fitness Perfect Rip Deck",59.99000168,179.9700012,5.400000095,0.029999999,0.430000007,2015-01,75.0699997,1
LATAM&Consumer,"Perfect Fitness Perfect Rip Deck",59.99000168,179.9700012,30.59000015,0.170000002,0.479999989,2015-05,71.69999695,1
LATAM&Consumer,"Under Armour Girls' Toddler Spine Surge Runni",39.99000168,119.9700012,4.800000191,0.039999999,0.419999987,2015-03,48.36999893,1
LATAM&Consumer,"Under Armour Girls' Toddler Spine Surge Runni",39.99000168,119.9700012,15.60000038,0.129999995,0.270000011,2015-05,28.18000031,1
Europe&Consumer,"Under Armour Girls' Toddler Spine Surge Runni",39.99000168,159.9600067,19.20000076,0.119999997,0.469999999,2015-10,66.16000366,1
LATAM&Consumer,"Perfect Fitness Perfect Rip Deck",59.99000168,239.9600067,13.19999981,0.059999999,0.289999992,2015-03,65.76000214,1
LATAM&Consumer,"Perfect Fitness Perfect Rip Deck",59.99000168,239.9600067,28.79999924,0.119999997,0.349999994,2015-02,73.91000366,1
LATAM&Consumer,"Under Armour Girls' Toddler Spine Surge Runni",39.99000168,159.9600067,20.79000092,0.129999995,0.349999994,2015-03,48.70999908,1
LATAM&Consumer,"Perfect Fitness Perfect Rip Deck",59.99000168,299.9500122,30,0.100000001,0.289999992,2015-05,78.29000092,1
LATAM&Consumer,"Under Armour Girls' Toddler Spine Surge Runni",39.99000168,199.9499969,20,0.100000001,-0.200000003,2015-05,-35.99000168,1
LATAM&Consumer,"Under Armour Girls' Toddler Spine Surge Runni",39.99000168,199.9499969,25.98999977,0.129999995,0.25999999,2015-01,45.75,1
Europe&Consumer,"Perfect Fitness Perfect Rip Deck",59.99000168,59.99000168,0,0,0.469999999,2015-09,28.20000076,1
Europe&Consumer,"Perfect Fitness Perfect Rip Deck",59.99000168,59.99000168,9,0.150000006,0.090000004,2015-06,4.489999771,1
Europe&Consumer,"Perfect Fitness Perfect Rip Deck",59.99000168,59.99000168,10.19999981,0.170000002,0.270000011,2015-08,13.43999958,1
Europe&Consumer,"Perfect Fitness Perfect Rip Deck",59.99000168,59.99000168,12,0.200000003,0.409999996,2015-06,19.68000031,1
Europe&Consumer,"Under Armour Girls' Toddler Spine Surge Runni",39.99000168,39.99000168,2.799999952,0.07,0.460000008,2015-10,17.11000061,1
Europe&Consumer,"Under Armour Girls' Toddler Spine Surge Runni",39.99000168,39.99000168,3.599999905,0.090000004,0.280000001,2015-08,10.18999958,1
Europe&Consumer,"Under Armour Girls' Toddler Spine Surge Runni",39.99000168,39.99000168,6.800000191,0.170000002,0.059999999,2015-06,2.089999914,1
Europe&Consumer,"Glove It Women's Imperial Golf Glove",19.98999977,19.98999977,2,0.100000001,-0.159999996,2015-06,-2.930000067,1
Europe&Consumer,"Diamondback Women's Serene Classic Comfort Bi",299.980011,299.980011,0,0,0.090000004,2015-09,27,1
Europe&Consumer,"Diamondback Women's Serene Classic Comfort Bi",299.980011,299.980011,9,0.029999999,0.079999998,2015-10,21.8199997,1
Europe&Consumer,"Diamondback Women's Serene Classic Comfort Bi",299.980011,299.980011,16.5,0.059999999,0.439999998,2015-07,124.7300034,1
Europe&Consumer,"Diamondback Women's Serene Classic Comfort Bi",299.980011,299.980011,48,0.159999996,0.319999993,2015-06,80.62999725,1
Europe&Consumer,"Diamondback Women's Serene Classic Comfort Bi",299.980011,299.980011,51,0.170000002,-0.670000017,2015-07,-166.0700073,1
Europe&Consumer,"Diamondback Women's Serene Classic Comfort Bi",299.980011,299.980011,54,0.180000007,0.25999999,2015-09,63.95999908,1
Europe&Consumer,"Diamondback Women's Serene Classic Comfort Bi",299.980011,299.980011,60,0.200000003,0.349999994,2015-10,83.98999786,1
Europe&Consumer,"Diamondback Women's Serene Classic Comfort Bi",299.980011,299.980011,60,0.200000003,0.430000007,2015-09,103.1900024,1
Europe&Consumer,"Diamondback Women's Serene Classic Comfort Bi",299.980011,299.980011,75,0.25,0.479999989,2015-10,107.9899979,1
LATAM&Corporate,"Under Armour Girls' Toddler Spine Surge Runni",39.99000168,199.9499969,11,0.059999999,0.409999996,2015-05,77.47000122,1
LATAM&Corporate,"Bridgestone e6 Straight Distance NFL Carolina",31.98999977,159.9499969,31.98999977,0.200000003,0.49000001,2015-04,62.70000076,1
LATAM&Corporate,"Diamondback Women's Serene Classic Comfort Bi",299.980011,299.980011,54,0.180000007,0.460000008,2015-01,113.1500015,1
Europe&Corporate,"Perfect Fitness Perfect Rip Deck",59.99000168,179.9700012,5.400000095,0.029999999,0.050000001,2015-06,8.199999809,1
Europe&Corporate,"Under Armour Girls' Toddler Spine Surge Runni",39.99000168,159.9600067,23.98999977,0.150000006,-1.600000024,2015-06,-217.5500031,1
"Pacific Asia&Corporate","Perfect Fitness Perfect Rip Deck",59.99000168,239.9600067,59.99000168,0.25,0.330000013,2015-12,59.38999939,1
Europe&Corporate,"Diamondback Women's Serene Classic Comfort Bi",299.980011,299.980011,12,0.039999999,-0.829999983,2015-09,-239.8899994,1
Europe&Corporate,"Diamondback Women's Serene Classic Comfort Bi",299.980011,299.980011,16.5,0.059999999,0.479999989,2015-08,136.0700073,1
LATAM&Corporate,"Titleist Pro V1x Golf Balls",47.99000168,47.99000168,5.760000229,0.119999997,0.310000002,2015-01,13.22000027,1
LATAM&Corporate,"Diamondback Women's Serene Classic Comfort Bi",299.980011,299.980011,30,0.100000001,0.479999989,2015-02,129.5899963,1
LATAM&Corporate,"Diamondback Women's Serene Classic Comfort Bi",299.980011,299.980011,45,0.150000006,0.449999988,2015-01,114.7399979,1
LATAM&Corporate,"Diamondback Women's Serene Classic Comfort Bi",299.980011,299.980011,48,0.159999996,-0.280000001,2015-02,-71.30999756,1
LATAM&Corporate,"Perfect Fitness Perfect Rip Deck",59.99000168,299.9500122,35.99000168,0.119999997,0.029999999,2015-02,6.599999905,1
LATAM&Corporate,"Perfect Fitness Perfect Rip Deck",59.99000168,299.9500122,38.99000168,0.129999995,0.349999994,2015-02,91.33000183,1
Europe&Corporate,"Perfect Fitness Perfect Rip Deck",59.99000168,59.99000168,7.199999809,0.119999997,0.340000004,2015-08,17.84000015,1
Europe&Corporate,"Perfect Fitness Perfect Rip Deck",59.99000168,59.99000168,10.19999981,0.170000002,0.330000013,2015-07,16.18000031,1
Europe&Corporate,"Under Armour Girls' Toddler Spine Surge Runni",39.99000168,39.99000168,1.600000024,0.039999999,0.140000001,2015-06,5.369999886,1
Europe&Corporate,"Team Golf St. Louis Cardinals Putter Grip",24.98999977,24.98999977,0.5,0.02,0.059999999,2015-08,1.519999981,1
Europe&Corporate,"Diamondback Women's Serene Classic Comfort Bi",299.980011,299.980011,6,0.02,-1.769999981,2015-08,-519.460022,1
Europe&Corporate,"Diamondback Women's Serene Classic Comfort Bi",299.980011,299.980011,15,0.050000001,0.280000001,2015-10,79.79000092,1
Europe&Corporate,"Diamondback Women's Serene Classic Comfort Bi",299.980011,299.980011,54,0.180000007,0.280000001,2015-08,68.87999725,1
LATAM&Corporate,"Perfect Fitness Perfect Rip Deck",59.99000168,59.99000168,7.800000191,0.129999995,0.310000002,2015-05,16.34000015,1
LATAM&Corporate,"Diamondback Women's Serene Classic Comfort Bi",299.980011,299.980011,0,0,0.180000007,2015-03,52.5,1
LATAM&Corporate,"Diamondback Women's Serene Classic Comfort Bi",299.980011,299.980011,6,0.02,0.449999988,2015-02,132.2899933,1
LATAM&Corporate,"Diamondback Women's Serene Classic Comfort Bi",299.980011,299.980011,45,0.150000006,-0.059999999,2015-01,-16.05999947,1
"Pacific Asia&Corporate","Perfect Fitness Perfect Rip Deck",59.99000168,59.99000168,10.80000019,0.180000007,0.409999996,2015-11,20.17000008,1
"Pacific Asia&Corporate","Under Armour Girls' Toddler Spine Surge Runni",39.99000168,39.99000168,6.800000191,0.170000002,0.460000008,2015-11,15.27000046,1
"Pacific Asia&Corporate","Diamondback Women's Serene Classic Comfort Bi",299.980011,299.980011,9,0.029999999,0.460000008,2015-11,133.8500061,1
Europe&Corporate,"Team Golf Texas Longhorns Putter Grip",24.98999977,49.97999954,6.5,0.129999995,0.409999996,2015-10,17.82999992,1
Europe&Corporate,"Glove It Imperial Golf Towel",15.98999977,31.97999954,5.760000229,0.180000007,0.330000013,2015-08,8.649999619,1
LATAM&Corporate,"Perfect Fitness Perfect Rip Deck",59.99000168,119.9800034,6,0.050000001,-0.769999981,2015-05,-87.41999817,1
LATAM&Corporate,"Perfect Fitness Perfect Rip Deck",59.99000168,119.9800034,20.39999962,0.170000002,0.419999987,2015-01,41.83000183,1
LATAM&Corporate,"Perfect Fitness Perfect Rip Deck",59.99000168,119.9800034,24,0.200000003,-1.600000024,2015-01,-153.5700073,1
"Pacific Asia&Corporate","Perfect Fitness Perfect Rip Deck",59.99000168,119.9800034,3.599999905,0.029999999,0.059999999,2015-11,7.21999979,1
"Pacific Asia&Corporate","Perfect Fitness Perfect Rip Deck",59.99000168,119.9800034,4.800000191,0.039999999,0.029999999,2015-11,2.880000114,1
"Pacific Asia&Corporate","Perfect Fitness Perfect Rip Deck",59.99000168,119.9800034,21.60000038,0.180000007,-0.209999993,2015-11,-20.95999908,1
"Pacific Asia&Corporate","Under Armour Girls' Toddler Spine Surge Runni",39.99000168,79.98000336,9.600000381,0.119999997,-0.090000004,2015-11,-6.190000057,1
LATAM&Consumer,"Perfect Fitness Perfect Rip Deck",59.99000168,59.99000168,0,0,0.090000004,2015-03,5.28000021,1
LATAM&Consumer,"Perfect Fitness Perfect Rip Deck",59.99000168,59.99000168,6,0.100000001,0.439999998,2015-05,23.76000023,1
LATAM&Consumer,"Under Armour Girls' Toddler Spine Surge Runni",39.99000168,39.99000168,5.199999809,0.129999995,0.360000014,2015-02,12.63000011,1
LATAM&Consumer,"Diamondback Women's Serene Classic Comfort Bi",299.980011,299.980011,27,0.090000004,0.109999999,2015-03,30.85000038,1
LATAM&Consumer,"Diamondback Women's Serene Classic Comfort Bi",299.980011,299.980011,60,0.200000003,0.25999999,2015-05,62.40000153,1
"Pacific Asia&Consumer","Perfect Fitness Perfect Rip Deck",59.99000168,59.99000168,7.800000191,0.129999995,0.300000012,2015-12,15.65999985,1
"Pacific Asia&Consumer","Perfect Fitness Perfect Rip Deck",59.99000168,59.99000168,10.80000019,0.180000007,0.100000001,2015-11,4.920000076,1
"Pacific Asia&Consumer","Perfect Fitness Perfect Rip Deck",59.99000168,59.99000168,15,0.25,0.239999995,2015-11,10.80000019,1
"Pacific Asia&Consumer","Diamondback Women's Serene Classic Comfort Bi",299.980011,299.980011,0,0,0.100000001,2015-12,30,1
"Pacific Asia&Consumer","Diamondback Women's Serene Classic Comfort Bi",299.980011,299.980011,9,0.029999999,-1.75,2015-11,-509.2200012,1
"Pacific Asia&Consumer","Diamondback Women's Serene Classic Comfort Bi",299.980011,299.980011,9,0.029999999,0.289999992,2015-11,84.37999725,1
"Pacific Asia&Consumer","Diamondback Women's Serene Classic Comfort Bi",299.980011,299.980011,75,0.25,0.5,2015-12,112.4899979,1
Europe&Consumer,"Perfect Fitness Perfect Rip Deck",59.99000168,119.9800034,19.20000076,0.159999996,0.01,2015-07,1.210000038,1
Europe&Consumer,"Perfect Fitness Perfect Rip Deck",59.99000168,119.9800034,19.20000076,0.159999996,0.349999994,2015-08,35.27000046,1
Europe&Consumer,"Perfect Fitness Perfect Rip Deck",59.99000168,119.9800034,21.60000038,0.180000007,0.289999992,2015-09,28.53000069,1
Europe&Consumer,"Perfect Fitness Perfect Rip Deck",59.99000168,119.9800034,24,0.200000003,0.479999989,2015-10,46.0699997,1
Europe&Consumer,"Perfect Fitness Perfect Rip Deck",59.99000168,119.9800034,24,0.200000003,0.200000003,2015-10,19.20000076,1
Europe&Consumer,"Under Armour Girls' Toddler Spine Surge Runni",39.99000168,79.98000336,1.600000024,0.02,-0.239999995,2015-10,-18.64999962,1
Europe&Consumer,"Titleist Pro V1 High Numbers Personalized Gol",51.99000168,103.9800034,12.47999954,0.119999997,0.439999998,2015-06,40.25999832,1
LATAM&Consumer,"Perfect Fitness Perfect Rip Deck",59.99000168,119.9800034,30,0.25,0.340000004,2015-02,30.40999985,1
"Pacific Asia&Consumer","Under Armour Girls' Toddler Spine Surge Runni",39.99000168,79.98000336,0,0,0.479999989,2015-12,38.38999939,1
"Pacific Asia&Consumer","Under Armour Girls' Toddler Spine Surge Runni",39.99000168,79.98000336,0.800000012,0.01,-0.730000019,2015-12,-58.04000092,1
Europe&Consumer,"Perfect Fitness Perfect Rip Deck",59.99000168,179.9700012,0,0,0.209999993,2015-07,38.33000183,1
Europe&Consumer,"Perfect Fitness Perfect Rip Deck",59.99000168,179.9700012,5.400000095,0.029999999,0.460000008,2015-08,80.30000305,1
Europe&Consumer,"Perfect Fitness Perfect Rip Deck",59.99000168,179.9700012,16.20000076,0.090000004,0.280000001,2015-07,45.86000061,1
Europe&Consumer,"Perfect Fitness Perfect Rip Deck",59.99000168,179.9700012,23.39999962,0.129999995,0.479999989,2015-07,75.16000366,1
Europe&Consumer,"Under Armour Girls' Toddler Spine Surge Runni",39.99000168,119.9700012,4.800000191,0.039999999,0.469999999,2015-08,54.13000107,1
LATAM&Consumer,"Under Armour Girls' Toddler Spine Surge Runni",39.99000168,119.9700012,2.400000095,0.02,0.49000001,2015-04,57.61000061,1
LATAM&Consumer,"Team Golf Pittsburgh Steelers Putter Grip",24.98999977,74.97000122,3,0.039999999,0.129999995,2015-04,9,1
Europe&Corporate,"Nike Women's Tempo Shorts",30,90,11.69999981,0.129999995,0.289999992,2015-06,22.70999908,1
Europe&Corporate,"Under Armour Girls' Toddler Spine Surge Runni",39.99000168,119.9700012,23.98999977,0.200000003,0.340000004,2015-06,32.43999863,1
LATAM&Corporate,"Perfect Fitness Perfect Rip Deck",59.99000168,179.9700012,21.60000038,0.119999997,0.300000012,2015-04,47.50999832,1
LATAM&Corporate,"Perfect Fitness Perfect Rip Deck",59.99000168,179.9700012,23.39999962,0.129999995,0.270000011,2015-01,42.27000046,1
LATAM&Corporate,"Perfect Fitness Perfect Rip Deck",59.99000168,179.9700012,44.99000168,0.25,0.469999999,2015-01,63.43999863,1
"Pacific Asia&Corporate","Perfect Fitness Perfect Rip Deck",59.99000168,179.9700012,23.39999962,0.129999995,-0.25,2015-11,-39.13999939,1
Europe&Corporate,"Perfect Fitness Perfect Rip Deck",59.99000168,239.9600067,47.99000168,0.200000003,0.100000001,2015-10,19.20000076,1
Europe&Corporate,"Under Armour Girls' Toddler Spine Surge Runni",39.99000168,159.9600067,6.400000095,0.039999999,0.25,2015-09,38.38999939,1
LATAM&Corporate,"Under Armour Girls' Toddler Spine Surge Runni",39.99000168,159.9600067,25.59000015,0.159999996,-0.07,2015-03,-9.539999962,1
Europe&Corporate,"Perfect Fitness Perfect Rip Deck",59.99000168,299.9500122,6,0.02,0.49000001,2015-08,144.0399933,1
Europe&Corporate,"Under Armour Girls' Toddler Spine Surge Runni",39.99000168,199.9499969,49.99000168,0.25,-0.170000002,2015-10,-25.63999939,1
LATAM&Corporate,"Perfect Fitness Perfect Rip Deck",59.99000168,299.9500122,6,0.02,0.050000001,2015-04,14.69999981,1
LATAM&Corporate,"Perfect Fitness Perfect Rip Deck",59.99000168,299.9500122,50.99000168,0.170000002,-0.660000026,2015-03,-164.3099976,1
LATAM&Corporate,"Perfect Fitness Perfect Rip Deck",59.99000168,299.9500122,50.99000168,0.170000002,0.49000001,2015-01,121.9899979,1
Europe&Consumer,"Diamondback Women's Serene Classic Comfort Bi",299.980011,299.980011,6,0.02,0.360000014,2015-07,106.7099991,1
Europe&Consumer,"Diamondback Women's Serene Classic Comfort Bi",299.980011,299.980011,30,0.100000001,-0.059999999,2015-07,-17.01000023,1
"Pacific Asia&Consumer","Titleist Pro V1x High Numbers Golf Balls",47.99000168,47.99000168,6.239999771,0.129999995,0.090000004,2015-10,3.670000076,1
"Pacific Asia&Consumer","Diamondback Women's Serene Classic Comfort Bi",299.980011,299.980011,12,0.039999999,0.300000012,2015-10,86.38999939,1
"Pacific Asia&Consumer","Diamondback Women's Serene Classic Comfort Bi",299.980011,299.980011,39,0.129999995,0.289999992,2015-10,75.68000031,1
Europe&Consumer,"Under Armour Girls' Toddler Spine Surge Runni",39.99000168,79.98000336,4,0.050000001,0.289999992,2015-08,21.87999916,1
Europe&Consumer,"Under Armour Girls' Toddler Spine Surge Runni",39.99000168,79.98000336,5.599999905,0.07,-2.700000048,2015-07,-200.8300018,1
LATAM&Consumer,"Perfect Fitness Perfect Rip Deck",59.99000168,179.9700012,12.60000038,0.07,0.239999995,2015-04,39.83000183,1
LATAM&Consumer,"Perfect Fitness Perfect Rip Deck",59.99000168,239.9600067,47.99000168,0.200000003,0.300000012,2015-05,57.59000015,1
Europe&Consumer,"Perfect Fitness Perfect Rip Deck",59.99000168,299.9500122,9,0.029999999,0.159999996,2015-07,46.54999924,1
"Pacific Asia&Consumer","Diamondback Women's Serene Classic Comfort Bi",299.980011,299.980011,75,0.25,0.100000001,2015-12,22.5,1
Europe&Consumer,"Under Armour Girls' Toddler Spine Surge Runni",39.99000168,159.9600067,6.400000095,0.039999999,0.079999998,2015-07,11.52000046,1
Europe&Consumer,"Glove It Women's Imperial Golf Glove",19.98999977,79.95999908,13.59000015,0.170000002,0.360000014,2015-09,24.09000015,1
"Pacific Asia&Consumer","Bridgestone e6 Straight Distance NFL Tennesse",31.98999977,127.9599991,2.559999943,0.02,0.310000002,2015-12,39.25,1
Europe&Consumer,"Perfect Fitness Perfect Rip Deck",59.99000168,299.9500122,50.99000168,0.170000002,0.300000012,2015-09,74.69000244,1
Europe&Consumer,"Perfect Fitness Perfect Rip Deck",59.99000168,59.99000168,15,0.25,0.100000001,2015-06,4.5,1
Europe&Consumer,"Diamondback Women's Serene Classic Comfort Bi",299.980011,299.980011,3,0.01,0.49000001,2015-06,145.5200043,1
Europe&Consumer,"Diamondback Women's Serene Classic Comfort Bi",299.980011,299.980011,27,0.090000004,0.280000001,2015-08,76.43000031,1
LATAM&Consumer,"Diamondback Women's Serene Classic Comfort Bi",299.980011,299.980011,6,0.02,0.479999989,2015-01,141.1100006,1
LATAM&Consumer,"Diamondback Women's Serene Classic Comfort Bi",299.980011,299.980011,12,0.039999999,0.479999989,2015-04,138.2299957,1
LATAM&Consumer,"Diamondback Women's Serene Classic Comfort Bi",299.980011,299.980011,45,0.150000006,0.49000001,2015-05,124.9400024,1
"Pacific Asia&Consumer","Diamondback Women's Serene Classic Comfort Bi",299.980011,299.980011,30,0.100000001,0.090000004,2015-12,23.76000023,1
Europe&Consumer,"Perfect Fitness Perfect Rip Deck",59.99000168,119.9800034,14.39999962,0.119999997,-0.01,2015-09,-1.480000019,1
Europe&Consumer,"Perfect Fitness Perfect Rip Deck",59.99000168,119.9800034,15.60000038,0.129999995,0.310000002,2015-09,32.66999817,1
LATAM&Consumer,"Glove It Women's Mod Oval 3-Zip Carry All Gol",21.98999977,43.97999954,7.039999962,0.159999996,0.109999999,2015-03,4.170000076,1
"Pacific Asia&Consumer","Perfect Fitness Perfect Rip Deck",59.99000168,119.9800034,10.80000019,0.090000004,0.460000008,2015-11,50.22000122,1
"Pacific Asia&Consumer","Bridgestone e6 Straight Distance NFL San Dieg",31.98999977,63.97999954,5.760000229,0.090000004,0.370000005,2015-11,21.54000092,1
Europe&Consumer,"Perfect Fitness Perfect Rip Deck",59.99000168,179.9700012,27,0.150000006,0.479999989,2015-08,73.43000031,1
Europe&Consumer,"Under Armour Girls' Toddler Spine Surge Runni",39.99000168,119.9700012,6.599999905,0.059999999,0.079999998,2015-06,8.5,1
LATAM&Consumer,"Perfect Fitness Perfect Rip Deck",59.99000168,179.9700012,1.799999952,0.01,0.349999994,2015-04,62.36000061,1
LATAM&Consumer,"Perfect Fitness Perfect Rip Deck",59.99000168,179.9700012,3.599999905,0.02,0.230000004,2015-04,39.68000031,1
LATAM&Consumer,"Under Armour Girls' Toddler Spine Surge Runni",39.99000168,119.9700012,4.800000191,0.039999999,0.360000014,2015-05,41.81000137,1
"Pacific Asia&Consumer","Perfect Fitness Perfect Rip Deck",59.99000168,179.9700012,21.60000038,0.119999997,0.050000001,2015-11,7.920000076,1
LATAM&Consumer,"Perfect Fitness Perfect Rip Deck",59.99000168,239.9600067,43.18999863,0.180000007,0.49000001,2015-03,96.41999817,1
"Pacific Asia&Consumer","Under Armour Girls' Toddler Spine Surge Runni",39.99000168,159.9600067,6.400000095,0.039999999,0.5,2015-12,76.77999878,1
Europe&Consumer,"Perfect Fitness Perfect Rip Deck",59.99000168,299.9500122,16.5,0.059999999,0.340000004,2015-06,95.80999756,1
Europe&Consumer,"Perfect Fitness Perfect Rip Deck",59.99000168,299.9500122,21,0.07,0.270000011,2015-06,75.3199997,1
Europe&Consumer,"Perfect Fitness Perfect Rip Deck",59.99000168,299.9500122,27,0.090000004,0.330000013,2015-09,88.70999908,1
Europe&Consumer,"Perfect Fitness Perfect Rip Deck",59.99000168,299.9500122,30,0.100000001,0.449999988,2015-08,121.4800034,1
Europe&Consumer,"Perfect Fitness Perfect Rip Deck",59.99000168,299.9500122,35.99000168,0.119999997,-1.700000048,2015-08,-448.730011,1
LATAM&Consumer,"Under Armour Girls' Toddler Spine Surge Runni",39.99000168,199.9499969,4,0.02,0.059999999,2015-03,12.34000015,1
"Pacific Asia&Consumer","Under Armour Girls' Toddler Spine Surge Runni",39.99000168,199.9499969,8,0.039999999,0.360000014,2015-12,69.68000031,1
"Pacific Asia&Consumer","Under Armour Girls' Toddler Spine Surge Runni",39.99000168,199.9499969,10,0.050000001,0.460000008,2015-12,87.37999725,1
Europe&Consumer,"Diamondback Women's Serene Classic Comfort Bi",299.980011,299.980011,6,0.02,-1.700000048,2015-06,-499.769989,1
Europe&Consumer,"Diamondback Women's Serene Classic Comfort Bi",299.980011,299.980011,6,0.02,0.310000002,2015-06,91.12999725,1
Europe&Consumer,"Diamondback Women's Serene Classic Comfort Bi",299.980011,299.980011,21,0.07,0.25999999,2015-09,72.54000092,1
Europe&Consumer,"Diamondback Women's Serene Classic Comfort Bi",299.980011,299.980011,54,0.180000007,0.109999999,2015-06,27.79999924,1
LATAM&Consumer,"Perfect Fitness Perfect Rip Deck",59.99000168,59.99000168,2.400000095,0.039999999,0.330000013,2015-04,18.71999931,1
LATAM&Consumer,"Under Armour Girls' Toddler Spine Surge Runni",39.99000168,39.99000168,1.200000048,0.029999999,0.280000001,2015-01,10.85999966,1
LATAM&Consumer,"Diamondback Women's Serene Classic Comfort Bi",299.980011,299.980011,3,0.01,0.159999996,2015-02,48.40999985,1
LATAM&Consumer,"Diamondback Women's Serene Classic Comfort Bi",299.980011,299.980011,16.5,0.059999999,0.289999992,2015-02,82.20999908,1
LATAM&Consumer,"Diamondback Women's Serene Classic Comfort Bi",299.980011,299.980011,51,0.170000002,0.460000008,2015-04,114.5299988,1
"Pacific Asia&Consumer","Perfect Fitness Perfect Rip Deck",59.99000168,59.99000168,7.800000191,0.129999995,0.310000002,2015-12,16.34000015,1
"Pacific Asia&Consumer","Glove It Imperial Golf Towel",15.98999977,15.98999977,0.479999989,0.029999999,-0.109999999,2015-12,-1.769999981,1
"Pacific Asia&Consumer","Diamondback Women's Serene Classic Comfort Bi",299.980011,299.980011,36,0.119999997,0.109999999,2015-12,29.82999992,1
"Pacific Asia&Consumer","Diamondback Women's Serene Classic Comfort Bi",299.980011,299.980011,39,0.129999995,-0.730000019,2015-12,-191.3000031,1
"Pacific Asia&Consumer","Diamondback Women's Serene Classic Comfort Bi",299.980011,299.980011,60,0.200000003,0.479999989,2015-11,115.1900024,1
Europe&Consumer,"Perfect Fitness Perfect Rip Deck",59.99000168,119.9800034,3.599999905,0.029999999,0.159999996,2015-08,18.96999931,1
Europe&Consumer,"Perfect Fitness Perfect Rip Deck",59.99000168,119.9800034,6,0.050000001,-0.670000017,2015-06,-76.02999878,1
Europe&Consumer,"Perfect Fitness Perfect Rip Deck",59.99000168,119.9800034,10.80000019,0.090000004,0.330000013,2015-06,36.02999878,1
Europe&Consumer,"Under Armour Girls' Toddler Spine Surge Runni",39.99000168,79.98000336,1.600000024,0.02,0.360000014,2015-07,28.21999931,1
Europe&Consumer,"Under Armour Girls' Toddler Spine Surge Runni",39.99000168,79.98000336,9.600000381,0.119999997,0.330000013,2015-06,22.87000084,1
Europe&Consumer,"Team Golf St. Louis Cardinals Putter Grip",24.98999977,49.97999954,12.5,0.25,0.430000007,2015-09,16.12000084,1
LATAM&Consumer,"Perfect Fitness Perfect Rip Deck",59.99000168,119.9800034,0,0,0.280000001,2015-03,33.59000015,1
LATAM&Consumer,"Perfect Fitness Perfect Rip Deck",59.99000168,119.9800034,12,0.100000001,0.280000001,2015-01,30.22999954,1
LATAM&Consumer,"Perfect Fitness Perfect Rip Deck",59.99000168,119.9800034,18,0.150000006,0.289999992,2015-01,29.57999992,1
LATAM&Consumer,"Team Golf San Francisco Giants Putter Grip",24.98999977,49.97999954,7.5,0.150000006,0.189999998,2015-02,8.029999733,1
"Pacific Asia&Consumer","Perfect Fitness Perfect Rip Deck",59.99000168,119.9800034,2.400000095,0.02,0.469999999,2015-12,55.25999832,1
"Pacific Asia&Consumer","Perfect Fitness Perfect Rip Deck",59.99000168,119.9800034,12,0.100000001,-0.050000001,2015-12,-5.400000095,1
"Pacific Asia&Consumer","Glove It Women's Imperial Golf Glove",19.98999977,39.97999954,4.800000191,0.119999997,0.079999998,2015-10,2.640000105,1
Europe&Consumer,"Perfect Fitness Perfect Rip Deck",59.99000168,179.9700012,1.799999952,0.01,0.25999999,2015-07,46.3199997,1
Europe&Consumer,"Perfect Fitness Perfect Rip Deck",59.99000168,179.9700012,35.99000168,0.200000003,-2.700000048,2015-07,-388.7399902,1
LATAM&Consumer,"Perfect Fitness Perfect Rip Deck",59.99000168,179.9700012,0,0,0.280000001,2015-05,50.38999939,1
LATAM&Consumer,"Perfect Fitness Perfect Rip Deck",59.99000168,179.9700012,1.799999952,0.01,0.469999999,2015-01,83.73999786,1
LATAM&Consumer,"Perfect Fitness Perfect Rip Deck",59.99000168,179.9700012,9,0.050000001,0.059999999,2015-03,10.60000038,1
"Pacific Asia&Consumer","Perfect Fitness Perfect Rip Deck",59.99000168,179.9700012,9,0.050000001,0.100000001,2015-12,17.10000038,1
"Pacific Asia&Consumer","Team Golf San Francisco Giants Putter Grip",24.98999977,74.97000122,7.5,0.100000001,0.360000014,2015-12,24.29000092,1
Europe&Consumer,"Perfect Fitness Perfect Rip Deck",59.99000168,239.9600067,21.60000038,0.090000004,-0.769999981,2015-06,-167.4799957,1
Europe&Consumer,"Under Armour Girls' Toddler Spine Surge Runni",39.99000168,159.9600067,6.400000095,0.039999999,0.319999993,2015-06,49.13999939,1
"LATAM&Home Office","Under Armour Girls' Toddler Spine Surge Runni",39.99000168,39.99000168,2,0.050000001,0.389999986,2015-05,14.8199997,1
"LATAM&Home Office","Diamondback Women's Serene Classic Comfort Bi",299.980011,299.980011,39,0.129999995,0.219999999,2015-02,57.41999817,1
"LATAM&Home Office","Perfect Fitness Perfect Rip Deck",59.99000168,239.9600067,38.38999939,0.159999996,0,2015-04,0,1
"Pacific Asia&Home Office","Under Armour Girls' Toddler Spine Surge Runni",39.99000168,159.9600067,6.400000095,0.039999999,0.300000012,2015-11,46.0699997,1
"LATAM&Home Office","Diamondback Women's Serene Classic Comfort Bi",299.980011,299.980011,60,0.200000003,0.090000004,2015-04,21.12000084,1
"LATAM&Home Office","Diamondback Women's Serene Classic Comfort Bi",299.980011,299.980011,75,0.25,0.039999999,2015-02,9,1
"LATAM&Home Office","Glove It Women's Imperial Golf Glove",19.98999977,39.97999954,5.199999809,0.129999995,0.340000004,2015-02,11.76000023,1
"Europe&Home Office","Perfect Fitness Perfect Rip Deck",59.99000168,239.9600067,43.18999863,0.180000007,0.340000004,2015-08,66.90000153,1
"Europe&Home Office","Glove It Women's Mod Oval Golf Glove",19.98999977,79.95999908,11.98999977,0.150000006,0.170000002,2015-09,11.55000019,1
"LATAM&Home Office","Under Armour Girls' Toddler Spine Surge Runni",39.99000168,159.9600067,27.19000053,0.170000002,0.079999998,2015-04,9.960000038,1
"LATAM&Home Office","Under Armour Girls' Toddler Spine Surge Runni",39.99000168,39.99000168,10,0.25,0.280000001,2015-02,8.399999619,1
"Pacific Asia&Home Office","Perfect Fitness Perfect Rip Deck",59.99000168,59.99000168,9.600000381,0.159999996,0.059999999,2015-12,3.170000076,1
"Pacific Asia&Home Office","Diamondback Women's Serene Classic Comfort Bi",299.980011,299.980011,3,0.01,0.479999989,2015-12,142.5500031,1
"Pacific Asia&Home Office","Diamondback Women's Serene Classic Comfort Bi",299.980011,299.980011,39,0.129999995,-0.699999988,2015-11,-182.6900024,1
"Europe&Home Office","Perfect Fitness Perfect Rip Deck",59.99000168,119.9800034,8.399999619,0.07,0.100000001,2015-08,11.15999985,1
"LATAM&Home Office","Perfect Fitness Perfect Rip Deck",59.99000168,119.9800034,30,0.25,0.5,2015-03,44.99000168,1
"LATAM&Home Office","Bridgestone e6 Straight Distance NFL San Dieg",31.98999977,63.97999954,1.279999971,0.02,0.460000008,2015-03,28.84000015,1
"Pacific Asia&Home Office","Under Armour Girls' Toddler Spine Surge Runni",39.99000168,79.98000336,12,0.150000006,0.07,2015-12,4.760000229,1
"Pacific Asia&Home Office","Under Armour Girls' Toddler Spine Surge Runni",39.99000168,79.98000336,12.80000019,0.159999996,0.109999999,2015-12,7.590000153,1
"Pacific Asia&Home Office","Under Armour Girls' Toddler Spine Surge Runni",39.99000168,119.9700012,8.399999619,0.07,0.360000014,2015-12,40.16999817,1
"Europe&Home Office","Team Golf New England Patriots Putter Grip",24.98999977,24.98999977,0.5,0.02,0.100000001,2015-10,2.450000048,1
"Europe&Home Office","Diamondback Women's Serene Classic Comfort Bi",299.980011,299.980011,3,0.01,0.479999989,2015-06,142.5500031,1
"Europe&Home Office","Diamondback Women's Serene Classic Comfort Bi",299.980011,299.980011,6,0.02,0.389999986,2015-06,114.6500015,1
"Europe&Home Office","Diamondback Women's Serene Classic Comfort Bi",299.980011,299.980011,16.5,0.059999999,0.49000001,2015-10,138.9100037,1
"Europe&Home Office","Diamondback Women's Serene Classic Comfort Bi",299.980011,299.980011,75,0.25,0.340000004,2015-06,76.48999786,1
"LATAM&Home Office","Nike Women's Tempo Shorts",30,30,3.599999905,0.119999997,0.25,2015-04,6.599999905,1
"LATAM&Home Office","Perfect Fitness Perfect Rip Deck",59.99000168,59.99000168,0.600000024,0.01,-1.700000048,2015-01,-100.9599991,1
"LATAM&Home Office","Diamondback Women's Serene Classic Comfort Bi",299.980011,299.980011,0,0,0.109999999,2015-01,33.90000153,1
"LATAM&Home Office","Diamondback Women's Serene Classic Comfort Bi",299.980011,299.980011,16.5,0.059999999,0.5,2015-02,141.7400055,1
"LATAM&Home Office","Diamondback Women's Serene Classic Comfort Bi",299.980011,299.980011,30,0.100000001,0.25999999,2015-03,71.01000214,1
"LATAM&Home Office","Diamondback Women's Serene Classic Comfort Bi",299.980011,299.980011,39,0.129999995,-1.700000048,2015-05,-443.6700134,1
"LATAM&Home Office","Diamondback Women's Serene Classic Comfort Bi",299.980011,299.980011,45,0.150000006,0.25999999,2015-05,66.30000305,1
"Pacific Asia&Home Office","Diamondback Women's Serene Classic Comfort Bi",299.980011,299.980011,3,0.01,0,2015-11,0,1
"Pacific Asia&Home Office","Diamondback Women's Serene Classic Comfort Bi",299.980011,299.980011,12,0.039999999,0.349999994,2015-11,100.7900009,1
"Europe&Home Office","Glove It Imperial Golf Towel",15.98999977,47.97000122,0.479999989,0.01,0.029999999,2015-09,1.419999957,1
"LATAM&Home Office","Perfect Fitness Perfect Rip Deck",59.99000168,179.9700012,9,0.050000001,0.219999999,2015-05,37.61000061,1
"Pacific Asia&Home Office","Perfect Fitness Perfect Rip Deck",59.99000168,179.9700012,44.99000168,0.25,-0.230000004,2015-11,-31.45000076,1
"LATAM&Home Office","Under Armour Girls' Toddler Spine Surge Runni",39.99000168,159.9600067,3.200000048,0.02,0.330000013,2015-01,51.72999954,1
"LATAM&Home Office","Under Armour Girls' Toddler Spine Surge Runni",39.99000168,159.9600067,6.400000095,0.039999999,0.25999999,2015-05,39.93000031,1
"Europe&Home Office","Perfect Fitness Perfect Rip Deck",59.99000168,299.9500122,15,0.050000001,0.01,2015-09,2.849999905,1
"Europe&Home Office","Perfect Fitness Perfect Rip Deck",59.99000168,299.9500122,44.99000168,0.150000006,-0.730000019,2015-07,-186.8800049,1
"LATAM&Home Office","Perfect Fitness Perfect Rip Deck",59.99000168,299.9500122,9,0.029999999,0.310000002,2015-05,91.0699997,1
"LATAM&Home Office","Perfect Fitness Perfect Rip Deck",59.99000168,299.9500122,27,0.090000004,-1.700000048,2015-05,-464.019989,1
"LATAM&Home Office","Perfect Fitness Perfect Rip Deck",59.99000168,299.9500122,47.99000168,0.159999996,0.460000008,2015-02,115.9000015,1
"LATAM&Home Office","Under Armour Girls' Toddler Spine Surge Runni",39.99000168,199.9499969,25.98999977,0.129999995,0.300000012,2015-05,52.18999863,1
"LATAM&Home Office","Under Armour Girls' Toddler Spine Surge Runni",39.99000168,199.9499969,29.98999977,0.150000006,-0.280000001,2015-01,-46.74000168,1
"Pacific Asia&Home Office","Under Armour Girls' Toddler Spine Surge Runni",39.99000168,199.9499969,31.98999977,0.159999996,0.270000011,2015-12,45.34999847,1
"Pacific Asia&Consumer","Perfect Fitness Perfect Rip Deck",59.99000168,179.9700012,1.799999952,0.01,0.330000013,2015-12,58.79999924,1
"Pacific Asia&Consumer","Perfect Fitness Perfect Rip Deck",59.99000168,179.9700012,21.60000038,0.119999997,-0.769999981,2015-12,-121.4700012,1
"Pacific Asia&Consumer","Perfect Fitness Perfect Rip Deck",59.99000168,179.9700012,27,0.150000006,0.479999989,2015-11,73.43000031,1
"Pacific Asia&Consumer","Team Golf San Francisco Giants Putter Grip",24.98999977,74.97000122,5.25,0.07,0.029999999,2015-12,2.089999914,1
Europe&Consumer,"Nike Women's Tempo Shorts",30,150,4.5,0.029999999,0.079999998,2015-10,10.90999985,1
Europe&Consumer,"Perfect Fitness Perfect Rip Deck",59.99000168,299.9500122,38.99000168,0.129999995,0.100000001,2015-09,26.10000038,1
Europe&Consumer,"Perfect Fitness Perfect Rip Deck",59.99000168,299.9500122,44.99000168,0.150000006,0.280000001,2015-07,71.38999939,1
Europe&Consumer,"Perfect Fitness Perfect Rip Deck",59.99000168,299.9500122,47.99000168,0.159999996,0.389999986,2015-07,98.26000214,1
Europe&Consumer,"Perfect Fitness Perfect Rip Deck",59.99000168,299.9500122,59.99000168,0.200000003,0.25999999,2015-10,63.11000061,1
Europe&Consumer,"Perfect Fitness Perfect Rip Deck",59.99000168,299.9500122,74.98999786,0.25,-0.800000012,2015-10,-179.9700012,1
Europe&Consumer,"Under Armour Girls' Toddler Spine Surge Runni",39.99000168,199.9499969,25.98999977,0.129999995,0.479999989,2015-10,83.5,1
Europe&Consumer,"Under Armour Girls' Toddler Spine Surge Runni",39.99000168,199.9499969,29.98999977,0.150000006,0.330000013,2015-10,55.24000168,1
Europe&Consumer,"Glove It Urban Brick Golf Towel",15.98999977,79.94999695,0,0,0.349999994,2015-07,27.97999954,1
Europe&Consumer,"Bridgestone e6 Straight Distance NFL Tennesse",31.98999977,159.9499969,25.59000015,0.159999996,0.300000012,2015-09,40.31000137,1
